{"train/loss_simple_step": 0.005891960114240646, "train/loss_vlb_step": 2.0215480617480353e-05, "train/loss_step": 0.005891960114240646, "global_step": 49.0, "epoch": 0, "trainer/global_step": 49, "_timestamp": 1690549808.0296504, "_runtime": 136.52670454978943, "_step": 0}