{"train/loss_simple_step": 0.02067478932440281, "train/loss_vlb_step": 9.902430610964075e-05, "train/loss_step": 0.02067478932440281, "global_step": 162099.0, "epoch": 103, "trainer/global_step": 162099, "_timestamp": 1690538452.7466135, "_runtime": 243539.19017648697, "_step": 3447, "val/loss_simple": 0.03837418928742409, "val/loss_vlb": 0.0018436273094266653, "val/loss": 0.03837418928742409, "val/loss_simple_ema": 0.034913886338472366, "val/loss_vlb_ema": 0.0005539690027944744, "val/loss_ema": 0.034913886338472366, "train/loss_simple_epoch": 0.0346219576895237, "train/loss_vlb_epoch": 0.0014816923066973686, "train/loss_epoch": 0.0346219576895237}