{"train/loss_simple_step": 0.003575388342142105, "train/loss_vlb_step": 1.2983246051589958e-05, "train/loss_step": 0.003575388342142105, "global_step": 599.0, "epoch": 0, "trainer/global_step": 616, "_timestamp": 1690569138.5778108, "_runtime": 960.9693677425385, "_step": 12, "val/loss_simple": 0.09116459637880325, "val/loss_vlb": 0.0019497682806104422, "val/loss": 0.09116459637880325, "val/loss_simple_ema": 0.09766336530447006, "val/loss_vlb_ema": 0.0020375768654048443, "val/loss_ema": 0.09766336530447006, "_wandb": {"runtime": 977}}