{"train/loss_simple_step": 0.027033215388655663, "train/loss_vlb_step": 9.429082274436951e-05, "train/loss_step": 0.027033215388655663, "global_step": 23399.0, "epoch": 37, "trainer/global_step": 23399, "_timestamp": 1690794057.5900948, "_runtime": 47403.10407781601, "_step": 541, "val/loss_simple": 0.10006584227085114, "val/loss_vlb": 0.0005456826183944941, "val/loss": 0.10006584227085114, "val/loss_simple_ema": 0.10937103629112244, "val/loss_vlb_ema": 0.0005703244241885841, "val/loss_ema": 0.10937103629112244, "train/loss_simple_epoch": 0.04419097676873207, "train/loss_vlb_epoch": 0.0016407908406108618, "train/loss_epoch": 0.04419097676873207}