{"train/loss_simple_step": 0.08370421826839447, "train/loss_vlb_step": 0.00029299859306775033, "train/loss_step": 0.08370421826839447, "global_step": 2949.0, "epoch": 9, "trainer/global_step": 2949, "_timestamp": 1688589708.47418, "_runtime": 4807.163666963577, "_step": 76, "val/loss_simple": 0.08653080463409424, "val/loss_vlb": 0.0016194183845072985, "val/loss": 0.08653080463409424, "val/loss_simple_ema": 0.08721297979354858, "val/loss_vlb_ema": 0.0006869034259580076, "val/loss_ema": 0.08721297979354858, "train/loss_simple_epoch": 0.08950797468423843, "train/loss_vlb_epoch": 0.0015415869420394301, "train/loss_epoch": 0.08950797468423843}