{"train/loss_simple_step": 0.02212325483560562, "train/loss_vlb_step": 7.715298852417618e-05, "train/loss_step": 0.02212325483560562, "global_step": 49.0, "epoch": 0, "trainer/global_step": 49, "_timestamp": 1688591136.9310522, "_runtime": 110.42400431632996, "_step": 0}