{"train/loss_simple_step": 0.028634807094931602, "train/loss_vlb_step": 0.00010204206046182662, "train/loss_step": 0.028634807094931602, "global_step": 449.0, "epoch": 1, "trainer/global_step": 449, "_timestamp": 1688512292.9222968, "_runtime": 736.344450712204, "_step": 10, "val/loss_simple": 0.12292774766683578, "val/loss_vlb": 0.004489746410399675, "val/loss": 0.12292774766683578, "val/loss_simple_ema": 0.10821620374917984, "val/loss_vlb_ema": 0.0018494082614779472, "val/loss_ema": 0.10821620374917984, "train/loss_simple_epoch": 0.10810748487710953, "train/loss_vlb_epoch": 0.0022043692879378796, "train/loss_epoch": 0.10810748487710953}