{"train/loss_simple_step": 0.028266141191124916, "train/loss_vlb_step": 0.00010681773710530251, "train/loss_step": 0.028266141191124916, "global_step": 37099.0, "epoch": 618, "trainer/global_step": 37099, "_timestamp": 1689771872.4379122, "_runtime": 101290.67159318924, "_step": 1977, "val/loss_simple": 0.1368086040019989, "val/loss_vlb": 0.008726058527827263, "val/loss": 0.1368086040019989, "val/loss_simple_ema": 0.1581602394580841, "val/loss_vlb_ema": 0.0028623694088310003, "val/loss_ema": 0.1581602394580841, "train/loss_simple_epoch": 0.06511981785297394, "train/loss_vlb_epoch": 0.0007057856419123709, "train/loss_epoch": 0.06511981785297394}