{"train/loss_simple_step": 0.11465983092784882, "train/loss_vlb_step": 0.00209763809107244, "train/loss_step": 0.11465983092784882, "global_step": 15199.0, "epoch": 9, "trainer/global_step": 15199, "_timestamp": 1689626990.102905, "_runtime": 22012.38642501831, "_step": 321, "val/loss_simple": 0.03777172788977623, "val/loss_vlb": 0.0011141701834276319, "val/loss": 0.03777172788977623, "val/loss_simple_ema": 0.038561686873435974, "val/loss_vlb_ema": 0.0020643756724894047, "val/loss_ema": 0.038561686873435974, "train/loss_simple_epoch": 0.04084211587905884, "train/loss_vlb_epoch": 0.0017101281555369496, "train/loss_epoch": 0.04084211587905884}