{"train/loss_simple_step": 0.20209193229675293, "train/loss_vlb_step": 0.0026281895115971565, "train/loss_step": 0.20209193229675293, "global_step": 29099.0, "epoch": 98, "trainer/global_step": 29105, "_timestamp": 1688560867.2949445, "_runtime": 48401.70888853073, "_step": 779, "val/loss_simple": 0.09423688799142838, "val/loss_vlb": 0.0009796175872907043, "val/loss": 0.09423688799142838, "val/loss_simple_ema": 0.09262890368700027, "val/loss_vlb_ema": 0.0010101939551532269, "val/loss_ema": 0.09262890368700027, "train/loss_simple_epoch": 0.09577199816703796, "train/loss_vlb_epoch": 0.002216249005869031, "train/loss_epoch": 0.09577199816703796}