{"train/loss_simple_step": 0.12307887524366379, "train/loss_vlb_step": 0.007093039806932211, "train/loss_step": 0.12307887524366379, "global_step": 749.0, "epoch": 1, "trainer/global_step": 749, "_timestamp": 1690571673.562836, "_runtime": 1551.3145170211792, "_step": 16, "val/loss_simple": 0.058160703629255295, "val/loss_vlb": 0.0029120927210897207, "val/loss": 0.058160703629255295, "val/loss_simple_ema": 0.06856278330087662, "val/loss_vlb_ema": 0.00485655665397644, "val/loss_ema": 0.06856278330087662, "train/loss_simple_epoch": 0.06599339842796326, "train/loss_vlb_epoch": 0.001974899787455797, "train/loss_epoch": 0.06599339842796326}