{"train/loss_simple_step": 0.13075922429561615, "train/loss_vlb_step": 0.01202627457678318, "train/loss_step": 0.13075922429561615, "global_step": 14099.0, "epoch": 8, "trainer/global_step": 14099, "_timestamp": 1689603907.9856286, "_runtime": 20137.626020669937, "_step": 297, "val/loss_simple": 0.041164200752973557, "val/loss_vlb": 0.0018661681097000837, "val/loss": 0.041164200752973557, "val/loss_simple_ema": 0.04205866903066635, "val/loss_vlb_ema": 0.002584111178293824, "val/loss_ema": 0.04205866903066635, "train/loss_simple_epoch": 0.0420067235827446, "train/loss_vlb_epoch": 0.001880768220871687, "train/loss_epoch": 0.0420067235827446}