{"train/loss_simple_step": 0.05357665196061134, "train/loss_vlb_step": 0.0002781158545985818, "train/loss_step": 0.05357665196061134, "global_step": 449.0, "epoch": 0, "trainer/global_step": 449, "_timestamp": 1690740844.5969524, "_runtime": 639.444940328598, "_step": 8}