{"train/loss_simple_step": 0.04883071035146713, "train/loss_vlb_step": 0.00045560821308754385, "train/loss_step": 0.04883071035146713, "global_step": 2399.0, "epoch": 3, "trainer/global_step": 2399, "_timestamp": 1690746381.0437865, "_runtime": 4688.934959411621, "_step": 53, "val/loss_simple": 0.04254889488220215, "val/loss_vlb": 0.000258103187661618, "val/loss": 0.04254889488220215, "val/loss_simple_ema": 0.05538002774119377, "val/loss_vlb_ema": 0.00024530119844712317, "val/loss_ema": 0.05538002774119377, "train/loss_simple_epoch": 0.06511051952838898, "train/loss_vlb_epoch": 0.001998219173401594, "train/loss_epoch": 0.06511051952838898}