{"train/loss_simple_step": 0.11269833147525787, "train/loss_vlb_step": 0.00041538389632478356, "train/loss_step": 0.11269833147525787, "global_step": 149.0, "epoch": 0, "trainer/global_step": 149, "_timestamp": 1687771176.008547, "_runtime": 325.6562249660492, "_step": 2}