{"train/loss_simple_step": 0.03865060582756996, "train/loss_vlb_step": 0.00021881633438169956, "train/loss_step": 0.03865060582756996, "global_step": 1249.0, "epoch": 2, "trainer/global_step": 1249, "_timestamp": 1690565984.2336478, "_runtime": 2398.787905931473, "_step": 28, "val/loss_simple": 0.07427123934030533, "val/loss_vlb": 0.00047278564306907356, "val/loss": 0.07427123934030533, "val/loss_simple_ema": 0.07943330705165863, "val/loss_vlb_ema": 0.0004897940088994801, "val/loss_ema": 0.07943330705165863, "train/loss_simple_epoch": 0.0436137430369854, "train/loss_vlb_epoch": 0.0014915821375325322, "train/loss_epoch": 0.0436137430369854}