{"train/loss_simple_step": 0.09663165360689163, "train/loss_vlb_step": 0.0010025069350376725, "train/loss_step": 0.09663165360689163, "global_step": 599.0, "epoch": 0, "trainer/global_step": 616, "_timestamp": 1690734922.9766371, "_runtime": 1735.525309085846, "_step": 12, "val/loss_simple": 0.07208207249641418, "val/loss_vlb": 0.004477480426430702, "val/loss": 0.07208207249641418, "val/loss_simple_ema": 0.06498796492815018, "val/loss_vlb_ema": 0.003346949815750122, "val/loss_ema": 0.06498796492815018}