{"train/loss_simple_step": 0.010941127315163612, "train/loss_vlb_step": 4.041785723529756e-05, "train/loss_step": 0.010941127315163612, "global_step": 87599.0, "epoch": 141, "trainer/global_step": 87613, "_timestamp": 1689064818.421618, "_runtime": 129695.14103198051, "_step": 2034, "val/loss_simple": 0.0867132619023323, "val/loss_vlb": 0.0014436403289437294, "val/loss": 0.0867132619023323, "val/loss_simple_ema": 0.09156402200460434, "val/loss_vlb_ema": 0.00345375994220376, "val/loss_ema": 0.09156402200460434, "train/loss_simple_epoch": 0.042053330689668655, "train/loss_vlb_epoch": 0.0016010820399969816, "train/loss_epoch": 0.042053330689668655}