{"train/loss_simple_step": 0.03984842076897621, "train/loss_vlb_step": 0.00013734980893786997, "train/loss_step": 0.03984842076897621, "global_step": 25699.0, "epoch": 85, "trainer/global_step": 25713, "_timestamp": 1688633472.0734997, "_runtime": 42233.25195264816, "_step": 685, "val/loss_simple": 0.09223299473524094, "val/loss_vlb": 0.0025013957638293505, "val/loss": 0.09223299473524094, "val/loss_simple_ema": 0.098178930580616, "val/loss_vlb_ema": 0.0010365024209022522, "val/loss_ema": 0.098178930580616, "train/loss_simple_epoch": 0.09311438351869583, "train/loss_vlb_epoch": 0.003554185386747122, "train/loss_epoch": 0.09311438351869583}