{"train/loss_simple_step": 0.14336569607257843, "train/loss_vlb_step": 0.0033675851300358772, "train/loss_step": 0.14336569607257843, "global_step": 1249.0, "epoch": 2, "trainer/global_step": 1249, "_timestamp": 1690739137.6352239, "_runtime": 3438.5876619815826, "_step": 28, "val/loss_simple": 0.07215481996536255, "val/loss_vlb": 0.0020437880884855986, "val/loss": 0.07215481996536255, "val/loss_simple_ema": 0.07075320184230804, "val/loss_vlb_ema": 0.003577510127797723, "val/loss_ema": 0.07075320184230804, "train/loss_simple_epoch": 0.06780027598142624, "train/loss_vlb_epoch": 0.0016225306317210197, "train/loss_epoch": 0.06780027598142624}