{"train/loss_simple_step": 0.033039309084415436, "train/loss_vlb_step": 0.00011961893324041739, "train/loss_step": 0.033039309084415436, "global_step": 53099.0, "epoch": 86, "trainer/global_step": 53099, "_timestamp": 1688906491.5110412, "_runtime": 78682.99521517754, "_step": 1233, "val/loss_simple": 0.07295794039964676, "val/loss_vlb": 0.0010087662376463413, "val/loss": 0.07295794039964676, "val/loss_simple_ema": 0.08325129002332687, "val/loss_vlb_ema": 0.0034756124950945377, "val/loss_ema": 0.08325129002332687, "train/loss_simple_epoch": 0.04140452295541763, "train/loss_vlb_epoch": 0.0012842189753428102, "train/loss_epoch": 0.04140452295541763}