{"train/loss_simple_step": 0.11859549582004547, "train/loss_vlb_step": 0.0005735947052016854, "train/loss_step": 0.11859549582004547, "global_step": 299.0, "epoch": 5, "trainer/global_step": 299, "_timestamp": 1687275238.4187064, "_runtime": 1329.7799293994904, "_step": 15, "val/loss_simple": 0.10581578314304352, "val/loss_vlb": 0.0016254856018349528, "val/loss": 0.10581578314304352, "val/loss_simple_ema": 0.09808360785245895, "val/loss_vlb_ema": 0.0016337563283741474, "val/loss_ema": 0.09808360785245895, "train/loss_simple_epoch": 0.08389746397733688, "train/loss_vlb_epoch": 0.002687151310965419, "train/loss_epoch": 0.08389746397733688}