{"train/loss_simple_step": 0.30532875657081604, "train/loss_vlb_step": 0.0032336022704839706, "train/loss_step": 0.30532875657081604, "global_step": 42349.0, "epoch": 144, "trainer/global_step": 42349, "_timestamp": 1687867688.6417017, "_runtime": 95507.15371966362, "_step": 1134, "val/loss_simple": 0.09821105003356934, "val/loss_vlb": 0.002407410414889455, "val/loss": 0.09821105003356934, "val/loss_simple_ema": 0.07772506773471832, "val/loss_vlb_ema": 0.000884505279827863, "val/loss_ema": 0.07772506773471832, "train/loss_simple_epoch": 0.092315174639225, "train/loss_vlb_epoch": 0.001988497097045183, "train/loss_epoch": 0.092315174639225}