{"train/loss_simple_step": 0.024071883410215378, "train/loss_vlb_step": 8.232810068875551e-05, "train/loss_step": 0.024071883410215378, "global_step": 14599.0, "epoch": 243, "trainer/global_step": 14599, "_timestamp": 1689669032.797722, "_runtime": 40538.348865032196, "_step": 777, "val/loss_simple": 0.09306952357292175, "val/loss_vlb": 0.002587858121842146, "val/loss": 0.09306952357292175, "val/loss_simple_ema": 0.11172564327716827, "val/loss_vlb_ema": 0.0015931815141811967, "val/loss_ema": 0.11172564327716827, "train/loss_simple_epoch": 0.07514869421720505, "train/loss_vlb_epoch": 0.0008896297076717019, "train/loss_epoch": 0.07514869421720505}