{"train/loss_simple_step": 0.07568401843309402, "train/loss_vlb_step": 0.0003019571886397898, "train/loss_step": 0.07568401843309402, "global_step": 54449.0, "epoch": 182, "trainer/global_step": 54449, "_timestamp": 1688732649.8271234, "_runtime": 89470.5381925106, "_step": 1452, "val/loss_simple": 0.09624958038330078, "val/loss_vlb": 0.0009949402883648872, "val/loss": 0.09624958038330078, "val/loss_simple_ema": 0.10149621963500977, "val/loss_vlb_ema": 0.0014558881521224976, "val/loss_ema": 0.10149621963500977, "train/loss_simple_epoch": 0.08859898149967194, "train/loss_vlb_epoch": 0.0020484430715441704, "train/loss_epoch": 0.08859898149967194}