{"train/loss_simple_step": 0.08194037526845932, "train/loss_vlb_step": 0.0015846784226596355, "train/loss_step": 0.08194037526845932, "global_step": 59999.0, "epoch": 999, "trainer/global_step": 59999, "_timestamp": 1690095130.6031868, "_runtime": 162474.88565182686, "_step": 3199, "val/loss_simple": 0.19077900052070618, "val/loss_vlb": 0.003280419623479247, "val/loss": 0.19077900052070618, "val/loss_simple_ema": 0.1655476838350296, "val/loss_vlb_ema": 0.0018786248983815312, "val/loss_ema": 0.1655476838350296, "train/loss_simple_epoch": 0.045344166457653046, "train/loss_vlb_epoch": 0.002668588189408183, "train/loss_epoch": 0.045344166457653046, "_wandb": {"runtime": 162494}}