{"train/loss_simple_step": 0.15711697936058044, "train/loss_vlb_step": 0.0022798043210059404, "train/loss_step": 0.15711697936058044, "global_step": 249.0, "epoch": 0, "trainer/global_step": 249, "_timestamp": 1687771961.8216183, "_runtime": 516.5464632511139, "_step": 4}