{"train/loss_simple_step": 0.030944786965847015, "train/loss_vlb_step": 0.0001913849264383316, "train/loss_step": 0.030944786965847015, "global_step": 2899.0, "epoch": 4, "trainer/global_step": 2899, "_timestamp": 1690554956.6269205, "_runtime": 4954.7777144908905, "_step": 65, "val/loss_simple": 0.0995268002152443, "val/loss_vlb": 0.0035190393682569265, "val/loss": 0.0995268002152443, "val/loss_simple_ema": 0.08384273946285248, "val/loss_vlb_ema": 0.0006776994559913874, "val/loss_ema": 0.08384273946285248, "train/loss_simple_epoch": 0.044496193528175354, "train/loss_vlb_epoch": 0.0016960985958576202, "train/loss_epoch": 0.044496193528175354}