{"train/loss_simple_step": 0.023389548063278198, "train/loss_vlb_step": 8.381769293919206e-05, "train/loss_step": 0.023389548063278198, "global_step": 349.0, "epoch": 0, "trainer/global_step": 349, "_timestamp": 1690741566.658068, "_runtime": 508.58183097839355, "_step": 6}