{"train/loss_simple_step": 0.3911644518375397, "train/loss_vlb_step": 0.006455216556787491, "train/loss_step": 0.3911644518375397, "global_step": 1349.0, "epoch": 4, "trainer/global_step": 1349, "_timestamp": 1687770454.505267, "_runtime": 3023.7016308307648, "_step": 34, "val/loss_simple": 0.10978398472070694, "val/loss_vlb": 0.0021691094152629375, "val/loss": 0.10978398472070694, "val/loss_simple_ema": 0.09319563955068588, "val/loss_vlb_ema": 0.004289698321372271, "val/loss_ema": 0.09319563955068588, "train/loss_simple_epoch": 0.09783246368169785, "train/loss_vlb_epoch": 0.0029379643965512514, "train/loss_epoch": 0.09783246368169785}