{"train/loss_simple_step": 0.05063124746084213, "train/loss_vlb_step": 0.00024111678067129105, "train/loss_step": 0.05063124746084213, "global_step": 60849.0, "epoch": 208, "trainer/global_step": 60849, "_timestamp": 1690287032.0434785, "_runtime": 97560.0890994072, "_step": 1632, "val/loss_simple": 0.10572781413793564, "val/loss_vlb": 0.007688223384320736, "val/loss": 0.10572781413793564, "val/loss_simple_ema": 0.08056803047657013, "val/loss_vlb_ema": 0.0005041137337684631, "val/loss_ema": 0.08056803047657013, "train/loss_simple_epoch": 0.07608232647180557, "train/loss_vlb_epoch": 0.0016133248573169112, "train/loss_epoch": 0.07608232647180557}