{"train/loss_simple_step": 0.0729118287563324, "train/loss_vlb_step": 0.0002880590909626335, "train/loss_step": 0.0729118287563324, "global_step": 3549.0, "epoch": 11, "trainer/global_step": 3549, "_timestamp": 1688643076.2961304, "_runtime": 5782.471305370331, "_step": 92, "val/loss_simple": 0.10013891011476517, "val/loss_vlb": 0.0008418523939326406, "val/loss": 0.10013891011476517, "val/loss_simple_ema": 0.08874458819627762, "val/loss_vlb_ema": 0.0008712681592442095, "val/loss_ema": 0.08874458819627762, "train/loss_simple_epoch": 0.09037969261407852, "train/loss_vlb_epoch": 0.002501473529264331, "train/loss_epoch": 0.09037969261407852}